Company Name,Ticker,Market Cap (mil),S&P 500 - ETF,Exchange,F(1) Consensus Sales Est. ($mil),P/E (F1)
Atlas Air Worldwide Holdings,AAWW,776.49,NO,NSDQ,2864.69995,4.47
"Axon Enterprise, Inc",AAXN,4297.76,NO,NSDQ,607.62097,59.31
Ameris Bancorp,ABCB,1561.47,NO,NSDQ,836.34997,6.76
"Allegiance Bancshares, Inc.",ABTX,461.63,NO,NSDQ,181.1,13.85
"Atlantic Capital Bancshares, Inc.",ACBI,236.34,NO,NSDQ,90.01999,11.36
Arch Capital Group Ltd.,ACGL,9649.49,NO,NSDQ,6088.85009,9.86
"Acadia Healthcare Company, Inc.",ACHC,1972.53,NO,NSDQ,3285.30004,10.53
"Acacia Communications, Inc.",ACIA,2850.22,NO,NSDQ,527.40997,33.83
"Axcelis Technologies, Inc.",ACLS,712.13,NO,NSDQ,428.13299,24.65
"ACM Research, Inc.",ACMR,594,NO,NSDQ,137.067,40.56
"Advanced Emissions Solutions, Inc.",ADES,121.45,NO,NSDQ,76.43,2.14
Addus HomeCare Corporation,ADUS,1200.53,NO,NSDQ,746.00598,28.32
Aegion Corporation,AEGN,434.62,NO,NSDQ,1241.69995,10.56
"Advanced Energy Industries, Inc.",AEIS,1888.86,NO,NSDQ,1197.56701,19.67
"American Finance Trust, Inc.",AFIN,686.65,NO,NSDQ,296.69,6.15
Afya Limited,AFYA,1512.51,NO,NSDQ,241.58999,23.1
AGNC Investment Corp.,AGNC,6561.64,NO,NSDQ,1407.19995,5.36
DFB Healthcare Acquisitions Corp.,AHCO,685.3,NO,NSDQ,791.18701,26
Altra Industrial Motion Corp.,AIMC,1259.69,NO,NSDQ,1473.69702,13.34
Apollo Investment Corporation,AINV,536.36,NO,NSDQ,267.08999,4.66
Alkermes plc,ALKS,2535.64,NO,NSDQ,1039.70703,57.39
"Alarm.com Holdings, Inc.",ALRM,2229.69,NO,NSDQ,549.79998,31.01
ALERUS FINL CP,ALRS,279.85,NO,NSDQ,181.79499,12.33
Altair Engineering Inc.,ALTR,2187.02,NO,NSDQ,479.32501,115.96
"AMAG Pharmaceuticals, Inc.",AMAG,275.84,NO,NSDQ,248.31199,55.9
Amalgamated Bank,AMAL,326.29,NO,NSDQ,189.57699,8.65
"Ambarella, Inc.",AMBA,1780.58,NO,NSDQ,231.205,151.42
AMC Networks Inc.,AMCX,1177.36,NO,NSDQ,3023.26489,2.78
"Amedisys, Inc.",AMED,6026.56,NO,NSDQ,2132.26611,37.05
"Amkor Technology, Inc.",AMKR,2269.21,NO,NSDQ,4310.72998,14.48
"American National Bankshares, Inc.",AMNB,250.44,NO,NSDQ,92.73999,10.11
"Allied Motion Technologies, Inc.",AMOT,258.22,NO,NSDQ,381.29998,16.14
"Amphastar Pharmaceuticals, Inc.",AMPH,773.53,NO,NSDQ,345.497,33.02
American River Bankshares,AMRB,56.58,NO,NSDQ,27.45,10.86
Amarin Corporation PLC,AMRN,2937.7,NO,NSDQ,676.03002,34.75
"AMERISAFE, Inc.",AMSF,1141.59,NO,NSDQ,337.316,20.4
"American Software, Inc.",AMSWA,502.29,NO,NSDQ,114.59999,47.64
Mercantil Bank Holding Corporation,AMTB,524.29,NO,NSDQ,242.28999,22.89
TD Ameritrade Holding Corporation,AMTD,19852.56,NO,NSDQ,4936.30175,13.15
American Woodmark Corporation,AMWD,727.1,NO,NSDQ,1661.59997,6.17
"AngioDynamics, Inc.",ANGO,396.95,NO,NSDQ,268.05499,100.48
Anika Therapeutics Inc.,ANIK,473.21,NO,NSDQ,162.75,23.91
"ANI Pharmaceuticals, Inc.",ANIP,505.67,NO,NSDQ,221.89999,9.25
American Outdoor Brands Corporation,AOBC,530.86,NO,NSDQ,658.59997,15.8
Alpha and Omega Semiconductor Limited,AOSL,256.99,NO,NSDQ,449.79998,15.83
"American Public Education, Inc.",APEI,340.08,NO,NSDQ,292.17999,35.8
"AppFolio, Inc.",APPF,3582.73,NO,NSDQ,319.77499,225.57
"Digital Turbine, Inc.",APPS,476.21,NO,NSDQ,221.24,14.32
ArcBest Corporation,ARCB,474.11,NO,NSDQ,2921.635,11.52
Ares Capital Corporation,ARCC,4950.2,NO,NSDQ,1527.42797,6.84
Arco Platform Limited,ARCE,1216.9,NO,NSDQ,217.33999,41.11
"Alliance Resource Partners, L.P.",ARLP,426.1,NO,NSDQ,1417.80004,111.67
Arrow Financial Corporation,AROW,391.15,NO,NSDQ,119.59999,10.74
Artesian Resources Corporation,ARTNA,316.96,NO,NSDQ,85.79,20.3
Altisource Portfolio Solutions S.A.,ASPS,104.83,NO,NSDQ,428,30.68
"ASSERTIO THERAPEUTICS, INC",ASRT,69.07,NO,NSDQ,222.46899,1.21
"Astec Industries, Inc.",ASTE,812.77,NO,NSDQ,1059.59899,38.07
Asure Software Inc,ASUR,92.71,NO,NSDQ,72.93499,14.98
"Antares Pharma, Inc.",ATRS,481.78,NO,NSDQ,142.68499,38.8
"Air Transport Services Group, Inc",ATSG,1175.79,NO,NSDQ,1514.30004,12.69
Atlantic Union Bankshares Corporation,AUB,1712.77,NO,NSDQ,648.05499,10.85
"AeroVironment, Inc.",AVAV,1335.8,NO,NSDQ,354.99798,31.45
"Avid Technology, Inc.",AVID,296.42,NO,NSDQ,423.97,8.02
"Aviat Networks, Inc.",AVNW,50.19,NO,NSDQ,237,8.23
"Avnet, Inc.",AVT,2809.36,NO,NSDQ,17234.19726,18.07
Abraxas Petroleum Corporation,AXAS,54.75,NO,NSDQ,60,5.42
Atlantica Yield PLC,AY,2423.21,NO,NSDQ,1145.75,16.92
"Aspen Technology, Inc.",AZPN,6414.29,NO,NSDQ,572.42498,26.09
BancFirst Corporation,BANF,1167.9,NO,NSDQ,431.64999,11.75
Banner Corporation,BANR,1169.28,NO,NSDQ,537.815,10.68
"Barrett Business Services, Inc.",BBSI,311.57,NO,NSDQ,6180.78613,9.59
"BCB Bancorp, Inc. (NJ)",BCBP,163.85,NO,NSDQ,90.59999,10.75
Bay Commercial Bank,BCML,135.08,NO,NSDQ,84.52899,6.3
"Blucora, Inc.",BCOR,641.1,NO,NSDQ,808.92999,5.78
Brightcove Inc.,BCOV,348.4,NO,NSDQ,194.16499,38.87
Balchem Corporation,BCPC,2958.11,NO,NSDQ,728,35.69
"Bridge Bancorp, Inc.",BDGE,378.21,NO,NSDQ,173.64999,7.77
"BioDelivery Sciences International, Inc.",BDSI,420.13,NO,NSDQ,158.44,21.68
"BioTelemetry, Inc.",BEAT,1502.16,NO,NSDQ,484.324,21.02
"Beacon Roofing Supply, Inc.",BECN,1217.18,NO,NSDQ,6862.75781,10.1
Bank First National Corporation,BFC,364.96,NO,NSDQ,91.19999,12.56
BankFinancial Corporation,BFIN,120.19,NO,NSDQ,54.7,12.02
"Business First Bancshares, Inc.",BFST,168.24,NO,NSDQ,129.03599,7.01
"Health Insurance Innovations, Inc.",BFYT,327.37,NO,NSDQ,322.35299,6.8
"BGC Partners, Inc.",BGCP,979.69,NO,NSDQ,2263.05004,4.36
"Brighthouse Financial, Inc.",BHF,2352.05,NO,NSDQ,7687.56005,2.58
BLACKLINE INC,BL,3307.38,NO,NSDQ,341.86499,136.46
"Builders FirstSource, Inc.",BLDR,1710.01,NO,NSDQ,7022.6582,10.83
"BioLife Solutions, Inc.",BLFS,223.13,NO,NSDQ,49.50199,105.58
"Blackbaud, Inc.",BLKB,2412.57,NO,NSDQ,911.95697,24
"BMC Stock Holdings, Inc.",BMCH,1159.24,NO,NSDQ,3415.36499,13.75
Bank of Marin Bancorp,BMRC,426.62,NO,NSDQ,114.94999,15.4
BioMarin Pharmaceutical Inc.,BMRN,17589.85,NO,NSDQ,1982.25903,61.03
Bryn Mawr Bank Corporation,BMTC,532.53,NO,NSDQ,223.615,24.78
Bank of Commerce Holdings (CA),BOCH,126.74,NO,NSDQ,60,11.14
BOK Financial Corporation,BOKF,3253.75,NO,NSDQ,1778.85498,9.32
DMC Global Inc.,BOOM,364.13,NO,NSDQ,239.25,32.27
"Boston Private Financial Holdings, Inc.",BPFH,597.84,NO,NSDQ,323.73199,9.89
"Popular, Inc.",BPOP,3103.31,NO,NSDQ,2409.47998,7.42
The Bank of Princeton,BPRN,132.7,NO,NSDQ,47.89799,11.9
"Brookline Bancorp, Inc.",BRKL,845.54,NO,NSDQ,277.475,13.03
Bruker Corporation,BRKR,5686.97,NO,NSDQ,1974.99304,26.92
"Brooks Automation, Inc.",BRKS,2567.87,NO,NSDQ,869.833,30.73
"BRP Group, Inc.",BRP,191.65,NO,NSDQ,211.10299,41.51
Berry Petroleum Corporation,BRY,219.24,NO,NSDQ,538.70001,3.7
Sierra Bancorp,BSRR,279.95,NO,NSDQ,122.04,10.68
BioSpecifics Technologies Corp,BSTC,407.78,NO,NSDQ,43.9,14.66
Bank7 Corp.,BSVN,65.13,NO,NSDQ,37.7,5.75
First Busey Corporation,BUSE,894.12,NO,NSDQ,389.04299,9.83
"Bridgewater Bancshares, Inc.",BWB,263.65,NO,NSDQ,83.536,10.07
"Broadwind Energy, Inc.",BWEN,23.13,NO,NSDQ,207.5,8.18
"Bankwell Financial Group, Inc.",BWFG,115.63,NO,NSDQ,62.2,10.13
"Beyond Meat, Inc.",BYND,6727.93,NO,NSDQ,417.65798,1279.77
Baozun Inc.,BZUN,1873.76,NO,NSDQ,1283.14001,27.44
"China Automotive Systems, Inc.",CAAS,57.47,NO,NSDQ,417.54998,18.3
Camden National Corporation,CAC,434,NO,NSDQ,166.807,10.43
Credit Acceptance Corporation,CACC,4933.08,NO,NSDQ,1437.06005,13.53
CalAmp Corp.,CAMP,199.83,NO,NSDQ,339.337,15.9
Camtek Ltd.,CAMT,381.31,NO,NSDQ,140.94999,15.29
Carter Bank & Trust,CARE,219.93,NO,NSDQ,129.955,9.25
"CarGurus, Inc.",CARG,2240.33,NO,NSDQ,540.21997,69.39
Carolina Financial Corporation,CARO,728.89,NO,NSDQ,219.33,11.14
"Casa Systems, Inc.",CASA,390.65,NO,NSDQ,341.76199,80.35
"Meta Financial Group, Inc.",CASH,608.8,NO,NSDQ,490.40701,6.2
"Casey's General Stores, Inc.",CASY,5657.81,NO,NSDQ,9199.30273,23.97
Cambridge Bancorp,CATC,255.46,NO,NSDQ,147.6,7.76
Cardtronics PLC,CATM,874.85,NO,NSDQ,1252.62695,11.13
Cathay General Bancorp,CATY,1896.55,NO,NSDQ,563.25,9.92
"Capital Bancorp, Inc.",CBNK,142.78,NO,NSDQ,105.8,8.98
"China Biologic Products, Inc.",CBPO,4203.07,NO,NSDQ,567.96997,21.61
"Cracker Barrel Old Country Store, Inc.",CBRL,2121.11,NO,NSDQ,2726.37011,33.47
"Commerce Bancshares, Inc.",CBSH,6205.51,NO,NSDQ,1297.958,21.82
"CBTX, Inc.",CBTX,420.26,NO,NSDQ,145.8,13.23
"Crescent Capital BDC, Inc.",CCAP,272.6,NO,NSDQ,67.47,5.85
Capital City Bank Group,CCBG,314.91,NO,NSDQ,155.6,15.14
Cabot Microelectronics Corporation,CCMP,3259.1,NO,NSDQ,1124.19995,16.35
CNB Financial Corporation,CCNE,249.43,NO,NSDQ,152.64999,8.33
"Cogent Communications Holdings, Inc.",CCOI,4135.12,NO,NSDQ,586.21002,83.31
"Cross Country Healthcare, Inc.",CCRN,220.79,NO,NSDQ,836.69799,34.72
"CDK Global, Inc.",CDK,4216.99,NO,NSDQ,1964.84301,11.06
CECO Environmental Corp.,CECE,165.13,NO,NSDQ,358.57998,8.26
Celsius Holdings Inc.,CELH,310.88,NO,NSDQ,111.83999,81.64
Central Garden & Pet Company,CENT,1752.21,NO,NSDQ,2439.35693,19.48
Central Garden & Pet Company,CENTA,1635.8,NO,NSDQ,2439.35693,18.19
"CEVA, Inc.",CEVA,646.9,NO,NSDQ,90.62699,73.33
"CrossFirst Bankshares, Inc.",CFB,437.1,NO,NSDQ,164.43499,13.06
Capitol Federal Financial,CFFN,1638.71,NO,NSDQ,213.46,22.93
The Carlyle Group L.P.,CG,7863.01,NO,NSDQ,2220.61694,13.66
"TCG BDC, Inc.",CGBD,401.42,NO,NSDQ,153.44,4.7
Cognex Corporation,CGNX,8432.01,NO,NSDQ,672.38201,81.72
City Holding Company,CHCO,1044.36,NO,NSDQ,230.11999,14.23
"Churchill Downs, Incorporated",CHDN,3452.4,NO,NSDQ,1260.72497,31.97
"The Chefs' Warehouse, Inc.",CHEF,342.21,NO,NSDQ,1472.83496,29.41
Check Point Software Technologies Ltd.,CHKP,15182.39,NO,NSDQ,2011.98303,16.49
Chemung Financial Corp,CHMG,128.48,NO,NSDQ,76.9,9.44
Change Healthcare Inc.,CHNG,1281.2,NO,NSDQ,3357.97412,7.65
"Coherus BioSciences, Inc.",CHRS,1228.4,NO,NSDQ,453.97198,10.85
Colliers International Group Inc.,CIGI,2003.77,NO,NSDQ,3083.8999,11.09
"Civista Bancshares, Inc.",CIVB,220.49,NO,NSDQ,110.33499,8.61
Clarus Corporation,CLAR,274.39,NO,NSDQ,217.5,27.94
COLUMBIA FINL,CLBK,1561.81,NO,NSDQ,226.39999,31.16
"Clearfield, Inc.",CLFD,170.58,NO,NSDQ,93.5,33.76
CollPlant Holdings Ltd. Sponsored ADR,CLGN,63.67,NO,NSDQ,27.75,7.25
Clean Energy Fuels Corp.,CLNE,391.64,NO,NSDQ,282,190.5
Cambium Networks Corporation,CMBM,143.04,NO,NSDQ,246.10299,17.97
Columbus McKinnon Corporation,CMCO,576.62,NO,NSDQ,694.51501,16.93
"Cumulus Media, Inc.",CMLS,62.46,NO,NSDQ,923,1.77
Cimpress plc,CMPR,1528.03,NO,NSDQ,2545.70605,6.92
Comtech Telecommunications Corp.,CMTL,421.46,NO,NSDQ,686.84997,37.06
Conduent Inc.,CNDT,382.58,NO,NSDQ,3935.37988,3.77
"ConnectOne Bancorp, Inc.",CNOB,536.68,NO,NSDQ,229.77999,6.75
"Century Casinos, Inc.",CNTY,97.06,NO,NSDQ,436.45001,4.14
"PC Connection, Inc.",CNXN,1096.22,NO,NSDQ,2796.20996,14.1
"Co-Diagnostics, Inc.",CODX,395.12,NO,NSDQ,37.09999,18.7
"Coherent, Inc.",COHR,2861.04,NO,NSDQ,1352.73303,27.23
"Cohu, Inc.",COHU,617.77,NO,NSDQ,617.22302,20.69
"Columbia Banking System, Inc.",COLB,1786.54,NO,NSDQ,566.5,14.21
"Collegium Pharmaceutical, Inc.",COLL,705.33,NO,NSDQ,316.16101,8.63
Columbia Sportswear Company,COLM,4609.75,NO,NSDQ,2772.10009,23.67
"CommScope Holding Company, Inc.",COMM,2081.73,NO,NSDQ,8783.31445,6.27
CyrusOne Inc,CONE,8367.12,NO,NSDQ,1043.74499,18.96
MR. COOPER GROUP INC,COOP,748.6,NO,NSDQ,2377.85009,1.87
"Core-Mark Holding Company, Inc.",CORE,1257,NO,NSDQ,16885.65039,15.49
Corcept Therapeutics Incorporated,CORT,1505.78,NO,NSDQ,365.29998,15.42
"Coupa Software, Inc.",COUP,10880.48,NO,NSDQ,488.94299,454.68
"Cowen Group, Inc.",COWN,270.51,NO,NSDQ,957.55999,4.1
Cumberland Pharmaceuticals Inc.,CPIX,59.96,NO,NSDQ,42.43999,35.91
Capital Product Partners L.P.,CPLP,184.15,NO,NSDQ,137.617,5.14
"Catalyst Pharmaceuticals, Inc.",CPRX,519.11,NO,NSDQ,142.27299,12.82
"Computer Programs and Systems, Inc.",CPSI,331.48,NO,NSDQ,272.51,9.58
"Consumer Portfolio Services, Inc.",CPSS,63.62,NO,NSDQ,287.96499,4.34
Capitala Finance Corp.,CPTA,61.95,NO,NSDQ,42.47999,5.03
Charles River Associates,CRAI,292.41,NO,NSDQ,474.73999,12.35
"America's Car-Mart, Inc.",CRMT,387.12,NO,NSDQ,749.59997,7.58
Cerence Inc.,CRNC,702.91,NO,NSDQ,308.86999,20.74
"Crocs, Inc.",CROX,1468.44,NO,NSDQ,1090.56701,33.87
Criteo S.A.,CRTO,618.35,NO,NSDQ,772.02099,6.94
"Cirrus Logic, Inc.",CRUS,4176.66,NO,NSDQ,1218.51293,20.8
"Champions Oncology, Inc.",CSBR,94.51,NO,NSDQ,31.86,397.5
CenterState Bank Corporation,CSFL,1962.29,NO,NSDQ,764.96697,9.28
"CoStar Group, Inc.",CSGP,21752.47,NO,NSDQ,1643.88403,59.2
"CSG Systems International, Inc.",CSGS,1555.94,NO,NSDQ,930.79998,14.98
Canadian Solar Inc.,CSIQ,1002.11,NO,NSDQ,3374.93701,6.47
"Cornerstone OnDemand, Inc.",CSOD,1880.71,NO,NSDQ,614.28002,23.08
Caesarstone Ltd.,CSTE,317.47,NO,NSDQ,442.32,131.86
Capstar Financial Holdings Inc.,CSTR,175.2,NO,NSDQ,96.94,9.99
Capital Southwest Corporation,CSWC,244.77,NO,NSDQ,64.66899,8.08
"Community Trust Bancorp, Inc.",CTBI,556.16,NO,NSDQ,194.55,12.51
"CareTrust REIT, Inc.",CTRE,1432.99,NO,NSDQ,172.195,11.29
"Cutera, Inc.",CUTR,193.9,NO,NSDQ,171.05,18.68
CVB Financial Corporation,CVBF,2619.79,NO,NSDQ,464.54,16.28
Central Valley Community Bancorp,CVCY,174.35,NO,NSDQ,74.3,9.3
"Covetrus, Inc.",CVET,979.68,NO,NSDQ,3814.31298,17.99
"Commercial Vehicle Group, Inc.",CVGI,48.87,NO,NSDQ,781.41998,14.18
"Calavo Growers, Inc.",CVGW,1061.77,NO,NSDQ,1322,22.37
"CommVault Systems, Inc.",CVLT,2009.44,NO,NSDQ,685.72497,27.64
"Covenant Transportation Group, Inc.",CVTI,137.2,NO,NSDQ,799.59997,12.21
Consolidated Water Co. Ltd.,CWCO,223.91,NO,NSDQ,66.4,40.69
"Casella Waste Systems, Inc.",CWST,2062.66,NO,NSDQ,753.90002,81.43
CyberArk Software Ltd.,CYBR,3610.34,NO,NSDQ,484.98901,43.44
"Citizens Community Bancorp, Inc.",CZWI,68.02,NO,NSDQ,60,7.05
"Dropbox, Inc.",DBX,8462.95,NO,NSDQ,1873.29699,29.07
"Dime Community Bancshares, Inc.",DCOM,539.49,NO,NSDQ,172.88,11.59
Denny's Corporation,DENN,513.7,NO,NSDQ,364.777,19.83
"Donegal Group, Inc.",DGICA,436.26,NO,NSDQ,762.90002,13.74
Digi International Inc.,DGII,298.72,NO,NSDQ,292.08999,44.96
Senior Housing Properties Trust,DHC,625.66,NO,NSDQ,1738.76293,2.54
Diodes Incorporated,DIOD,2449.23,NO,NSDQ,1219.44995,18.4
Duluth Holdings Inc.,DLTH,105.7,NO,NSDQ,563.70001,23.61
"Dunkin' Brands Group, Inc.",DNKN,4714.79,NO,NSDQ,1283.74597,21.49
DocuSign Inc.,DOCU,19241.15,NO,NSDQ,1309.27197,197.18
BRP Inc.,DOOO,1937.14,NO,NSDQ,3127.458,20.13
"Dorman Products, Inc.",DORM,1877.43,NO,NSDQ,949.56298,20.14
Amdocs Limited,DOX,8333.01,NO,NSDQ,4190.39501,13.93
DouYu International Holdings Limited Sponsored ADR,DOYU,2359.99,NO,NSDQ,1358.41003,22.72
"Dicerna Pharmaceuticals, Inc.",DRNA,1613.47,NO,NSDQ,266.664,17.73
The Descartes Systems Group Inc.,DSGX,3319.11,NO,NSDQ,360.444,66.85
"DSP Group, Inc.",DSPG,400.15,NO,NSDQ,125,55.1
Fangdd Network Group Ltd.,DUO,801.31,NO,NSDQ,779.86999,7.2
"DXP Enterprises, Inc.",DXPE,234.01,NO,NSDQ,1102.90002,8.31
"DASAN Zhone Solutions, Inc.",DZSI,116.39,NO,NSDQ,306.27499,77.29
"Eagle Bancorp Montana, Inc.",EBMT,111.15,NO,NSDQ,70.48,8.11
"Meridian Bancorp, Inc.",EBSB,549.17,NO,NSDQ,199.38,9.7
"Echo Global Logistics, Inc.",ECHO,428.14,NO,NSDQ,2152.26806,16.3
"US Ecology, Inc.",ECOL,976.16,NO,NSDQ,962.70001,48.31
Encore Capital Group Inc,ECPG,737.33,NO,NSDQ,1414.49194,4.21
"Euronet Worldwide, Inc.",EEFT,4342.96,NO,NSDQ,2566.10302,17.04
Enterprise Financial Services Corporation,EFSC,724.9,NO,NSDQ,304.083,8.43
eGain Corporation,EGAN,249.08,NO,NSDQ,71.035,67.75
"Eagle Bancorp, Inc.",EGBN,1022.96,NO,NSDQ,342.02499,8.37
NIC Inc.,EGOV,1741.2,NO,NSDQ,385.45999,32.91
"Eagle Pharmaceuticals, Inc.",EGRX,702.83,NO,NSDQ,216.36999,20.86
EHang Holdings Limited Unsponsored ADR,EH,678.89,NO,NSDQ,103.77999,182.86
"eHealth, Inc.",EHTH,2987.22,NO,NSDQ,603.583,28.83
"Endurance International Group Holdings, Inc.",EIGI,388.43,NO,NSDQ,1097.79504,105.2
Endo International plc,ENDP,934.56,NO,NSDQ,2791.7539,1.85
"Enphase Energy, Inc.",ENPH,4672.9,NO,NSDQ,833.46801,33.15
"The Ensign Group, Inc.",ENSG,1953.44,NO,NSDQ,2390.42504,14.29
"Entegris, Inc.",ENTG,6893.22,NO,NSDQ,1660.31298,25.7
"Bottomline Technologies, Inc.",EPAY,1709.71,NO,NSDQ,451.027,29.12
"Equity Bancshares, Inc.",EQBK,260.17,NO,NSDQ,151.11999,9.33
"Eldorado Resorts, Inc.",ERI,1386.34,NO,NSDQ,7551.20703,9.72
Erie Indemnity Company,ERIE,8006,NO,NSDQ,2578.80004,26.95
"Energy Recovery, Inc.",ERII,421.74,NO,NSDQ,95.5,46.06
Elbit Systems Ltd.,ESLT,5637.02,NO,NSDQ,4905,16.69
"Esquire Financial Holdings, Inc.",ESQ,115.38,NO,NSDQ,52,7.49
"ESSA Bancorp, Inc.",ESSA,122.95,NO,NSDQ,56.56,9.9
"Etsy, Inc.",ETSY,7849.54,NO,NSDQ,971.177,170.26
"EVO Payments, Inc.",EVOP,1350.91,NO,NSDQ,464.67001,34.65
"East West Bancorp, Inc.",EWBC,4312.75,NO,NSDQ,1523.09997,9.3
"Exelixis, Inc.",EXEL,8102.08,NO,NSDQ,891.05401,63.93
"ExlService Holdings, Inc.",EXLS,1931.31,NO,NSDQ,1022.64202,16.66
"Exp World Holdings, Inc.",EXPI,555.15,NO,NSDQ,1433,846
"Exponent, Inc.",EXPO,3629.38,NO,NSDQ,391.48498,47.9
"National Vision Holdings, Inc.",EYE,2058.91,NO,NSDQ,1717.40002,275.04
"EZCORP, Inc.",EZPW,286.45,NO,NSDQ,900.02001,8.96
Farmer Brothers Company,FARM,131.3,NO,NSDQ,558.98999,33.87
"FARO Technologies, Inc.",FARO,876.49,NO,NSDQ,321.29998,1654
"First Business Financial Services, Inc.",FBIZ,125.64,NO,NSDQ,94.76699,7.84
"The First Bancshares, Inc.",FBMS,392.05,NO,NSDQ,181.35,7.5
First Bancorp,FBNC,674.39,NO,NSDQ,275.74798,9.12
First Community Corporation,FCCO,108.28,NO,NSDQ,48.95999,12.02
1st Constitution Bancorp (NJ),FCCY,106.7,NO,NSDQ,63.63,6.46
"First Cash, Inc.",FCFS,2760.46,NO,NSDQ,1856.66699,17.14
First Defiance Financial Corp.,FDEF,554.82,NO,NSDQ,267.96701,7.23
Fidus Investment Corporation,FDUS,209.38,NO,NSDQ,76.16,6.51
"Franklin Electric Co., Inc.",FELE,2267.57,NO,NSDQ,1280.32995,24.33
Adherex Technologies Inc.,FENC,150.81,NO,NSDQ,56.18999,4.13
"FireEye, Inc.",FEYE,2508.23,NO,NSDQ,915.62097,66.24
First Financial Bancorp.,FFBC,1350.99,NO,NSDQ,603.73297,10.16
Flushing Financial Corporation,FFIC,323.33,NO,NSDQ,195,9.2
"First Financial Bankshares, Inc.",FFIN,3682.13,NO,NSDQ,440.25,23.43
"First Financial Northwest, Inc.",FFNW,90.14,NO,NSDQ,46,11.58
First Foundation Inc.,FFWM,545.18,NO,NSDQ,223.48399,8.84
"First Hawaiian, Inc.",FHB,2176.86,NO,NSDQ,735.21002,14.11
"First Interstate BancSystem, Inc.",FIBK,1903.65,NO,NSDQ,636.333,11.77
"Financial Institutions, Inc.",FISI,271.73,NO,NSDQ,174.27,9.36
"Five Below, Inc.",FIVE,4502.73,NO,NSDQ,1846.67004,33.4
"Five9, Inc.",FIVN,5991.41,NO,NSDQ,380.337,115.41
National Beverage Corp.,FIZZ,2395.13,NO,NSDQ,961.65002,20.97
Flex Ltd.,FLEX,4082.34,NO,NSDQ,23408.86914,6.71
The First of Long Island Corporation,FLIC,350.47,NO,NSDQ,113.63999,8.75
Osprey Energy Acquisition Corp.,FLMN,179.66,NO,NSDQ,51.09999,8.71
"FLUENT, INC.",FLNT,130.55,NO,NSDQ,262.64001,34.4
Farmers & Merchants Bancorp Inc.,FMAO,249.31,NO,NSDQ,65.76999,14.73
"First Mid-Illinois Bancshares, Inc.",FMBH,402.28,NO,NSDQ,177.49699,9.76
"First Midwest Bancorp, Inc.",FMBI,1445.45,NO,NSDQ,740.07501,9.25
Farmers National Banc Corp.,FMNB,313.47,NO,NSDQ,121.37999,10.39
FEDNAT HOLDING CO,FNHC,159.95,NO,NSDQ,486.70999,7.43
"Finjan Holdings, Inc.",FNJN,34.27,NO,NSDQ,61,2.03
"Funko, Inc.",FNKO,173.6,NO,NSDQ,753.78002,5.21
Focus Financial Partners Inc.,FOCS,1384.36,NO,NSDQ,1320.84204,7.81
"FormFactor, Inc.",FORM,1720.94,NO,NSDQ,590.65002,23.42
"Forrester Research, Inc.",FORR,619.39,NO,NSDQ,483.05999,20.38
Fox Factory Holding Corp.,FOXF,1668.81,NO,NSDQ,752.99798,18.93
First Bank,FRBA,131.32,NO,NSDQ,69.59999,7.53
"Fiesta Restaurant Group, Inc.",FRGI,154,NO,NSDQ,653.16998,11.74
First Merchants Corporation,FRME,1422.56,NO,NSDQ,475.733,10.08
"Freshpet, Inc.",FRPT,3054.15,NO,NSDQ,310.087,209.04
FORTERRA INC,FRTA,437.76,NO,NSDQ,1602,9.78
"FS Bancorp, Inc.",FSBW,158.13,NO,NSDQ,94.735,7.34
"First Solar, Inc.",FSLR,4324.3,NO,NSDQ,2807.96997,13.97
L.B. Foster Company,FSTR,135.12,NO,NSDQ,667.61999,6.31
FirstService Corporation,FSV,3386.09,NO,NSDQ,2731.6499,26.05
"Frontdoor, Inc.",FTDR,3058.98,NO,NSDQ,1432.90405,21.26
Fulton Financial Corporation,FULT,1715.42,NO,NSDQ,855.59997,30.26
"Fvcbankcorp, Inc.",FVCB,138.86,NO,NSDQ,51.59999,10.06
Forward Air Corporation,FWRD,1405.33,NO,NSDQ,1360.40002,21.41
"German American Bancorp, Inc.",GABC,740.39,NO,NSDQ,196.3,14.94
Gladstone Investment Corporation,GAIN,337.1,NO,NSDQ,58.31299,12.22
Garrison Capital Inc.,GARS,32.74,NO,NSDQ,33.38999,3.4
"StealthGas, Inc.",GASS,82,NO,NSDQ,135.69,19
"Glacier Bancorp, Inc.",GBCI,3039.67,NO,NSDQ,671.05297,15.68
"Golub Capital BDC, Inc.",GBDC,1474.54,NO,NSDQ,328.23001,8.77
ChaSerg Technology Acquisition Corp.,GDYN,233.56,NO,NSDQ,141.25,26.21
"Great Elm Capital Group, Inc.",GECC,35.32,NO,NSDQ,27.59399,3.71
"Guaranty Federal Bancshares, Inc.",GFED,62.72,NO,NSDQ,39,7.84
General Finance Corporation,GFN,176.9,NO,NSDQ,370,8.89
Grupo Financiero Galicia S.A.,GGAL,870.35,NO,NSDQ,2329.2749,1.25
"G-III Apparel Group, LTD.",GIII,424.88,NO,NSDQ,2642.13208,8.97
Gladstone Capital Corporation,GLAD,192.52,NO,NSDQ,51.91299,7.33
Golar LNG Limited,GLNG,625.03,NO,NSDQ,422.858,23.73
"Gaming and Leisure Properties, Inc.",GLPI,5379.7,NO,NSDQ,1169.68798,7.51
Glu Mobile Inc.,GLUU,1203.26,NO,NSDQ,463.90701,31.66
Genmab A/S Sponsored ADR,GMAB,15650.64,NO,NSDQ,748.75598,110.09
Golar LNG Partners LP,GMLP,194.05,NO,NSDQ,289.01699,3.67
LRAD Corporation,GNSS,120.16,NO,NSDQ,45.29999,27.92
Gentex Corporation,GNTX,5955.24,NO,NSDQ,1758.49401,17.43
Guaranty Bancshares Inc.,GNTY,275.05,NO,NSDQ,109.19999,12.23
Grocery Outlet Holding Corp.,GO,3135.75,NO,NSDQ,2980.83691,38.84
Gladstone Commercial Corporation,GOOD,479.31,NO,NSDQ,123.107,8.89
Green Plains Partners LP,GPP,106.3,NO,NSDQ,77.69,2.85
"Green Brick Partners, Inc.",GRBK,361.49,NO,NSDQ,1052.85998,4.53
"Grifols, S.A.",GRFS,13916.01,NO,NSDQ,6115.39013,14.77
GrowGeneration Corp.,GRWG,165.89,NO,NSDQ,128.83999,29
"Great Southern Bancorp, Inc.",GSBC,551.89,NO,NSDQ,202.955,9.74
Goosehead Insurance Inc.,GSHD,1817.5,NO,NSDQ,96.69,110.07
"GreenSky, Inc.",GSKY,591.85,NO,NSDQ,521.46197,8.73
The Goodyear Tire & Rubber Company,GT,1609.04,NO,NSDQ,12953.13964,30.28
"Chart Industries, Inc.",GTLS,1165.14,NO,NSDQ,1341.06799,13.2
"Global Water Resources, Inc.",GWRS,230.33,NO,NSDQ,36.4,170.33
Hanmi Financial Corporation,HAFC,326.03,NO,NSDQ,195.113,8.26
"The Hain Celestial Group, Inc.",HAIN,2874.76,NO,NSDQ,2033.34997,37.62
"Hallmark Financial Services, Inc.",HALL,56.91,NO,NSDQ,500.553,7.85
"Halozyme Therapeutics, Inc.",HALO,3233.58,NO,NSDQ,236.91999,37.17
"Haynes International, Inc.",HAYN,256.9,NO,NSDQ,444.729,341
"Home Bancorp, Inc.",HBCP,212.81,NO,NSDQ,97.65699,8.84
"Harvard Bioscience, Inc.",HBIO,102.77,NO,NSDQ,119.5,11.65
"Howard Bancorp, Inc.",HBMD,184.17,NO,NSDQ,78.94,12.78
Horizon Bancorp (IN),HBNC,458.7,NO,NSDQ,208.43299,7.85
"HBT Financial, Inc.",HBT,288.57,NO,NSDQ,153.61999,7.36
Harvest Capital Credit Corporation,HCAP,25.38,NO,NSDQ,15.39,5.07
"Heritage-Crystal Clean, Inc.",HCCI,392.46,NO,NSDQ,435.89999,32.44
"The Hackett Group, Inc.",HCKT,431.89,NO,NSDQ,292.36801,13.23
"Healthcare Services Group, Inc.",HCSG,1763.37,NO,NSDQ,1814.11999,22.68
"HD Supply Holdings, Inc.",HDS,4511.31,NO,NSDQ,5780.11181,10.91
"H&E Equipment Services, Inc.",HEES,484.2,NO,NSDQ,1366.30004,8.05
Helen of Troy Limited,HELE,3615.42,NO,NSDQ,1538.92004,18.83
Heritage Financial Corporation,HFWA,669.62,NO,NSDQ,217.95199,15.26
HeadHunter Group PLC Sponsored ADR,HHR,728.5,NO,NSDQ,117.51499,20.62
"Himax Technologies, Inc.",HIMX,568.08,NO,NSDQ,808.65698,27.5
"Helios Technologies, Inc",HLIO,979.66,NO,NSDQ,463.578,19.32
Harmonic Inc.,HLIT,641.52,NO,NSDQ,405.31399,41.38
Hamilton Lane Inc.,HLNE,3008.7,NO,NSDQ,310.27999,28.71
"HomeStreet, Inc.",HMST,513.75,NO,NSDQ,266.19299,13.06
HMS Holdings Corp,HMSY,2489.65,NO,NSDQ,705.94799,22.92
Hallador Energy Company,HNRG,20.93,NO,NSDQ,259.70001,4.3
"Hollysys Automation Technologies, Ltd.",HOLI,809.76,NO,NSDQ,676.61499,5.86
"Home BancShares, Inc.",HOMB,2175.16,NO,NSDQ,642.73297,14.5
"HarborOne Bancorp, Inc.",HONE,438.14,NO,NSDQ,192.89999,25.42
"Hope Bancorp, Inc.",HOPE,1035.34,NO,NSDQ,478.99798,9.14
"HealthEquity, Inc.",HQY,3638.93,NO,NSDQ,778.13,29.3
Horizon Technology Finance Corporation,HRZN,152.38,NO,NSDQ,46.316,7.14
"Heidrick & Struggles International, Inc.",HSII,454.21,NO,NSDQ,621.52001,81.24
"Hudson Global, Inc.",HSON,27.87,NO,NSDQ,104.5,189.8
"HealthStream, Inc.",HSTM,792.99,NO,NSDQ,251.145,89.49
Heritage Commerce Corp,HTBK,462.25,NO,NSDQ,152.47,10.18
"Heartland Express, Inc.",HTLD,1623.05,NO,NSDQ,655.294,29.67
"Heartland Financial USA, Inc.",HTLF,1104.95,NO,NSDQ,579.34698,9.75
"Hub Group, Inc.",HUBG,1585.73,NO,NSDQ,3636.9729,14.65
Huron Consulting Group Inc.,HURN,1139.63,NO,NSDQ,866.36999,21.47
Hancock Whitney Corporation,HWC,1643.68,NO,NSDQ,1219.40002,8.62
"Hawkins, Inc.",HWKN,374.95,NO,NSDQ,570.98999,12.1
Horizon Therapeutics Public Limited Company,HZNP,6330.29,NO,NSDQ,1320.16699,19.05
IAC/InterActiveCorp,IAC,18958.05,NO,NSDQ,5072.4121,66.49
Integra LifeSciences Holdings Corporation,IART,4065.09,NO,NSDQ,1535.45202,17.11
Independent Bank Corporation,IBCP,295.61,NO,NSDQ,170.01699,8.99
IBERIABANK Corporation,IBKC,1913.23,NO,NSDQ,1167.40002,7.5
"Interactive Brokers Group, Inc.",IBKR,16043.87,NO,NSDQ,1862.09997,19.6
"Independent Bank Group, Inc",IBTX,1145.75,NO,NSDQ,1044.59997,6.81
"County Bancorp, Inc.",ICBK,120.52,NO,NSDQ,48.91999,11.74
"ICF International, Inc.",ICFI,1284.94,NO,NSDQ,1535.51,17.41
"Ichor Holdings, Ltd.",ICHR,507.64,NO,NSDQ,795.48999,10.07
ICON PLC,ICLR,7990.21,NO,NSDQ,2814.09497,23.58
CM Finance Inc,ICMB,65.48,NO,NSDQ,34.40999,4.6
"ICU Medical, Inc.",ICUI,4686.84,NO,NSDQ,1192,32.81
"InterDigital, Inc.",IDCC,1490.4,NO,NSDQ,312.1,46.46
"Intellicheck Mobilisa, Inc.",IDN,79.75,NO,NSDQ,12.22,210.86
"iHeartMedia, Inc.",IHRT,369.73,NO,NSDQ,3430.6831,12.84
"Information Services Group, Inc.",III,112.83,NO,NSDQ,266.85699,9.6
"i3 Verticals, Inc.",IIIV,572.19,NO,NSDQ,164.53999,23.83
IntriCon Corporation,IIN,95.01,NO,NSDQ,106.18,154
II-VI Incorporated,IIVI,2820.13,NO,NSDQ,2207.63305,22.14
Industrial Logistics Properties Trust,ILPT,1089.91,NO,NSDQ,259.39498,9.53
"Ingles Markets, Incorporated",IMKTA,804.08,NO,NSDQ,4317,9.23
"INTERNATIONAL MONEY EXPRESS, INC.",IMXI,287.92,NO,NSDQ,346.25,7.94
First Internet Bancorp,INBK,139.2,NO,NSDQ,86.76,8.05
Independent Bank Corp.,INDB,2297.51,NO,NSDQ,509.5,14.61
"Inogen, Inc",INGN,1090.64,NO,NSDQ,386.25799,70.89
InMode Ltd.,INMD,719.39,NO,NSDQ,115.76799,30.82
"Inovalon Holdings, Inc.",INOV,2694.98,NO,NSDQ,701.25799,29.56
"Innoviva, Inc.",INVA,1347.29,NO,NSDQ,214.16,8.47
"InnerWorkings, Inc.",INWK,56.84,NO,NSDQ,1150.71997,6.06
Adesto Technologies Corporation,IOTS,368.59,NO,NSDQ,141.24,55.25
"Inter Parfums, Inc.",IPAR,1370.65,NO,NSDQ,676.38299,30.4
iRobot Corporation,IRBT,1536.03,NO,NSDQ,1057.44995,87.48
IRSA Propiedades Comerciales S.A.,IRCP,204.75,NO,NSDQ,159.49,3.04
iRadimed Corporation,IRMD,242.21,NO,NSDQ,34.75,49.56
"Ironwood Pharmaceuticals, Inc.",IRWD,1626.36,NO,NSDQ,374.41299,18.03
"Investors Bancorp, Inc.",ISBC,2046.22,NO,NSDQ,754,9.11
Investar Holding Corporation,ISTR,129.09,NO,NSDQ,82.34999,7.01
"Itron, Inc.",ITRI,2623.51,NO,NSDQ,2399.26708,21.36
Ituran Location and Control Ltd.,ITRN,332.94,NO,NSDQ,268.45999,10.69
"Intevac, Inc.",IVAC,124.39,NO,NSDQ,117.9,20.31
Jack In The Box Inc.,JACK,1265.07,NO,NSDQ,935.341,18.64
Jazz Pharmaceuticals PLC,JAZZ,6014.65,NO,NSDQ,2305.87109,8.54
"j2 Global, Inc.",JCOM,3660.19,NO,NSDQ,1473.89001,10.1
"Communications Systems, Inc.",JCS,48.23,NO,NSDQ,52.2,47.36
Jiayin Group Inc. Sponsored ADR,JFIN,124.94,NO,NSDQ,242.19999,2.92
J & J Snack Foods Corp.,JJSF,2227.33,NO,NSDQ,1097.55004,29.81
Johnson Outdoors Inc.,JOUT,602.93,NO,NSDQ,570.94799,11.69
"James River Group Holdings, Ltd.",JRVR,1039.21,NO,NSDQ,757.09997,16.82
The Joint Corp.,JYNT,154.8,NO,NSDQ,54.94499,50.68
Kaiser Aluminum Corporation,KALU,1137.05,NO,NSDQ,1204.48999,24.56
"Kforce, Inc.",KFRC,634.96,NO,NSDQ,1204.12695,17.35
"Kingstone Companies, Inc",KINS,54.24,NO,NSDQ,132.43499,18.25
"Kulicke and Soffa Industries, Inc.",KLIC,1514.54,NO,NSDQ,656.5,24.72
Kamada Ltd.,KMDA,329.45,NO,NSDQ,134.69299,28.1
"Kinsale Capital Group, Inc.",KNSL,2306.27,NO,NSDQ,397.35,38.19
"Kratos Defense & Security Solutions, Inc.",KTOS,1522.85,NO,NSDQ,756.50201,36.75
"Lakeland Industries, Inc.",LAKE,121.34,NO,NSDQ,116,19.51
Lamar Advertising Company,LAMR,4977.5,NO,NSDQ,1485.35705,9.5
Gladstone Land Corporation,LAND,288.6,NO,NSDQ,55.44699,21.88
Laureate Education Inc.,LAUR,1763.08,NO,NSDQ,3116.43505,6.62
"Lawson Products, Inc.",LAWS,264.31,NO,NSDQ,372.74499,15.26
"Lakeland Bancorp, Inc.",LBAI,523.29,NO,NSDQ,222.83299,9.02
Luther Burbank Corporation,LBC,545.28,NO,NSDQ,135.3,11.65
Liberty Broadband Corporation,LBRDA,22333.8,NO,NSDQ,24.06999,110.61
Liberty Broadband Corporation,LBRDK,22934.08,NO,NSDQ,15.24499,39.4
LCNB Corporation,LCNB,161.71,NO,NSDQ,68.98999,9.05
"Lifetime Brands, Inc.",LCUT,106.7,NO,NSDQ,715.59002,13.21
"Lincoln Electric Holdings, Inc.",LECO,4573.74,NO,NSDQ,2627.58593,21.46
Legacy Housing Corporation,LEGH,234,NO,NSDQ,162.30499,9.95
"Level One Bancorp, Inc.",LEVL,125.84,NO,NSDQ,76.94999,8.89
"Littelfuse, Inc.",LFUS,3309.48,NO,NSDQ,1416.07495,26.14
"LGI Homes, Inc.",LGIH,1236.04,NO,NSDQ,2111.90991,7.2
Ligand Pharmaceuticals Incorporated,LGND,1611.38,NO,NSDQ,127.38999,28.3
"LHC Group, Inc.",LHCG,3877.07,NO,NSDQ,2150.42211,26.23
Lincoln Educational Services Corporation,LINC,63.8,NO,NSDQ,286.07,10.08
Lindblad Expeditions Holdings Inc.,LIND,254.56,NO,NSDQ,342.5,22.76
"LiqTech International, Inc.",LIQT,87.57,NO,NSDQ,42.65,85.2
Lumentum Holdings Inc.,LITE,5877.4,NO,NSDQ,1734.958,15.26
LivaNova PLC,LIVN,2604.4,NO,NSDQ,1018,27.11
Lakeland Financial Corporation,LKFN,959.93,NO,NSDQ,189.16299,14.77
"Limelight Networks, Inc.",LLNW,654.74,NO,NSDQ,231.20399,114.21
"LeMaitre Vascular, Inc.",LMAT,544.23,NO,NSDQ,129.35,28.92
"Limbach Holdings, Inc.",LMB,21.25,NO,NSDQ,585,2.74
Limoneira Co,LMNR,231.08,NO,NSDQ,176.61999,121.31
Luminex Corporation,LMNX,1577.65,NO,NSDQ,344.96701,799.61
Landmark Infrastructure Partners LP,LMRK,249.61,NO,NSDQ,60.93999,36.98
"LIMESTONE BANCORP, INC.",LMST,73.69,NO,NSDQ,47.65,28.31
Landec Corporation,LNDC,299.99,NO,NSDQ,583.29602,77.88
"Live Oak Bancshares, Inc.",LOB,537.21,NO,NSDQ,219.52,39.18
"El Pollo Loco Holdings, Inc.",LOCO,379.12,NO,NSDQ,402.91799,40.76
Logitech International S.A.,LOGI,7933.22,NO,NSDQ,3082.70996,21.84
"LogMein, Inc.",LOGM,4136.11,NO,NSDQ,1318.93298,16.98
"Grand Canyon Education, Inc.",LOPE,3734.79,NO,NSDQ,844.58801,14.41
LPL Financial Holdings Inc.,LPLA,4253.25,NO,NSDQ,5334,10.07
Lattice Semiconductor Corporation,LSCC,2644.72,NO,NSDQ,411.66699,30.01
"Landstar System, Inc.",LSTR,3942.62,NO,NSDQ,3862.03808,20.13
Liberty Media Corporation,LSXMK,6311.01,NO,NSDQ,7946.25,15.86
"Lantronix, Inc.",LTRX,68.79,NO,NSDQ,59.59999,62
Luna Innovations Incorporated,LUNA,201.1,NO,NSDQ,82.21499,34.88
LexinFintech Holdings Ltd. Sponsored ADR,LX,1396.18,NO,NSDQ,1990.68994,3.97
LSI Industries Inc.,LYTS,150.8,NO,NSDQ,324.45999,52.46
"Manhattan Associates, Inc.",MANH,3691.9,NO,NSDQ,566.60601,37.67
ManTech International Corporation,MANT,3136.68,NO,NSDQ,2387.46191,25.4
Masimo Corporation,MASI,11259.71,NO,NSDQ,1032.40502,58.69
Matthews International Corporation,MATW,691.82,NO,NSDQ,1564.14001,6.46
Middlefield Banc Corp.,MBCN,109.01,NO,NSDQ,44.36999,14.88
Merchants Bancorp,MBIN,412.16,NO,NSDQ,179.36999,7.13
"Malibu Boats, Inc.",MBUU,612.4,NO,NSDQ,654.78198,9.6
Mercantile Bank Corporation,MBWM,357.18,NO,NSDQ,142.567,12.19
"MetroCity Bankshares, Inc.",MCBS,257.85,NO,NSDQ,101.09999,5.87
"MASTERCRAFT BOAT HOLDINGS, INC.",MCFT,175.32,NO,NSDQ,382.53799,5.7
"Monarch Casino & Resort, Inc.",MCRI,497.97,NO,NSDQ,233.05,20.11
"Allscripts Healthcare Solutions, Inc.",MDRX,1007,NO,NSDQ,1771.86206,9
"Medpace Holdings, Inc.",MEDP,3011.07,NO,NSDQ,891.07702,29.81
"Meet Group, Inc.(The)",MEET,440.46,NO,NSDQ,233.96699,10.11
"Mesa Air Group, Inc.",MESA,94.49,NO,NSDQ,622.07501,8.85
RAMACO RESOURCS,METC,95,NO,NSDQ,202.51499,6.03
Medallion Financial Corp.,MFIN,52.34,NO,NSDQ,131.24,3.09
Mackinac Financial Corporation,MFNC,103.65,NO,NSDQ,57.09999,9.65
MutualFirst Financial Inc.,MFSF,214.08,NO,NSDQ,86.4,12.95
Magic Software Enterprises Ltd.,MGIC,442.8,NO,NSDQ,340.85,14.14
"Magellan Health, Inc.",MGLN,1332.46,NO,NSDQ,7195.47021,14.41
"MGP Ingredients, Inc.",MGPI,607.22,NO,NSDQ,365,17.54
McGrath RentCorp,MGRC,1242.01,NO,NSDQ,585,12.88
The Middleby Corporation,MIDD,2893.22,NO,NSDQ,2616.62011,9.76
"The Michaels Companies, Inc.",MIK,346.56,NO,NSDQ,4913.92822,1.76
Mimecast Limited,MIME,2306.84,NO,NSDQ,495.27398,59.41
"Mobile Mini, Inc.",MINI,1100.7,NO,NSDQ,607.656,12.08
"Mitek Systems, Inc.",MITK,367.7,NO,NSDQ,96.76999,18.47
"MKS Instruments, Inc.",MKSI,5067.89,NO,NSDQ,2030.86303,18.12
"Mesa Laboratories, Inc.",MLAB,1002.16,NO,NSDQ,144,24.68
"Mellanox Technologies, Ltd.",MLNX,7001.58,NO,NSDQ,1426.19995,17.23
"Malvern Bancorp, Inc.",MLVF,88.19,NO,NSDQ,30.48999,12.6
"Merit Medical Systems, Inc.",MMSI,2220.28,NO,NSDQ,981.97998,30.79
"Monro Muffler Brake, Inc.",MNRO,1522.74,NO,NSDQ,1258.78503,21.12
MainStreet Bank,MNSB,117.87,NO,NSDQ,55.41999,8.3
"MidWestOne Financial Group, Inc.",MOFG,305.48,NO,NSDQ,184.615,7.3
Momo Inc.,MOMO,4800.41,NO,NSDQ,2415.84008,8.94
"Motorcar Parts of America, Inc.",MPAA,233.27,NO,NSDQ,564.79998,5.97
Mid Penn Bancorp,MPB,141.63,NO,NSDQ,84.5,10.34
"Monolithic Power Systems, Inc.",MPWR,8297.76,NO,NSDQ,698.40997,43.46
Meridian Bank,MRBK,75.63,NO,NSDQ,76.34999,9.4
Monroe Capital Corporation,MRCC,171.12,NO,NSDQ,64.024,6.26
Mercury Systems Inc,MRCY,4569.97,NO,NSDQ,784.69799,39.06
"Marten Transport, Ltd.",MRTN,1208.7,NO,NSDQ,855.65002,21.75
Marvell Technology Group Ltd.,MRVL,18196.09,NO,NSDQ,2969.35498,31.55
"Midland States Bancorp, Inc.",MSBI,356.98,NO,NSDQ,261.54998,6.89
Middlesex Water Company,MSEX,1030.64,NO,NSDQ,143.26699,28.97
MicroStrategy Incorporated,MSTR,1268.56,NO,NSDQ,515.05999,28.66
"Match Group, Inc.",MTCH,22835.79,NO,NSDQ,2263.59301,38.35
"MACOM Technology Solutions Holdings, Inc.",MTSI,1760.24,NO,NSDQ,489.63,69.06
Mvb Financial Corp.,MVBF,146.95,NO,NSDQ,127.5,11.66
"Myriad Genetics, Inc.",MYGN,1081.72,NO,NSDQ,711.14001,39.65
"MYR Group, Inc.",MYRG,437.91,NO,NSDQ,2282.56005,9.66
National Instruments Corporation,NATI,4927,NO,NSDQ,1310.80297,28.84
Navient Corporation,NAVI,1362.51,NO,NSDQ,1103,2.42
"Neurocrine Biosciences, Inc.",NBIX,9109.04,NO,NSDQ,1065.29797,29.64
Noble Midstream Partners LP,NBLX,219.98,NO,NSDQ,851.5,2.66
NBT Bancorp Inc.,NBTB,1368.4,NO,NSDQ,448.83999,15.58
Nicolet Bankshares Inc.,NCBS,535.18,NO,NSDQ,189.1,12.78
"National CineMedia, Inc.",NCMI,249.98,NO,NSDQ,416.635,8.72
Nordson Corporation,NDSN,9052.46,NO,NSDQ,2100.73999,29.34
"NeoGenomics, Inc.",NEO,3124.3,NO,NSDQ,458.88299,99.76
Neogen Corporation,NEOG,3397.75,NO,NSDQ,418.56698,58.6
Newtek Business Services Corp.,NEWT,310.63,NO,NSDQ,68.98999,6.78
"Northfield Bancorp, Inc.",NFBK,513.52,NO,NSDQ,128.83,15.2
New Fortress Energy LLC,NFE,2159.82,NO,NSDQ,701.63299,857.33
National General Holdings Corp,NGHC,1878.47,NO,NSDQ,5183.14013,5.39
Nice Ltd.,NICE,10183.85,NO,NSDQ,1673.55603,29.23
NIU TECH-ADR,NIU,597.67,NO,NSDQ,285.26998,38.29
"National Bankshares, Inc.",NKSH,174.96,NO,NSDQ,46.5,11.93
NMI Holdings Inc,NMIH,789.69,NO,NSDQ,450.55999,4.25
"Newmark Group, Inc.",NMRK,624.46,NO,NSDQ,2083.06689,2.52
"NN, Inc.",NNBR,103.5,NO,NSDQ,812.93701,6.37
Novanta Inc.,NOVT,2919.69,NO,NSDQ,549.78997,64.19
Northrim BanCorp Inc,NRIM,147.03,NO,NSDQ,97.4,10.69
"Insight Enterprises, Inc.",NSIT,1760.38,NO,NSDQ,8782.95703,9.17
"NAPCO Security Technologies, Inc.",NSSC,325.48,NO,NSDQ,105,24.5
"NetScout Systems, Inc.",NTCT,1896.6,NO,NSDQ,927.04998,14.72
"NETGEAR, Inc.",NTGR,640.67,NO,NSDQ,997.16497,11.9
Northern Technologies International Corporation,NTIC,63.68,NO,NSDQ,49.29999,100
Natus Medical Incorporated,NTUS,879.57,NO,NSDQ,485.20001,17.19
NetSol Technologies Inc.,NTWK,25.97,NO,NSDQ,61.09999,73.67
"Nuance Communications, Inc.",NUAN,5420.13,NO,NSDQ,1485.67504,22.88
"NuVasive, Inc.",NUVA,3031.94,NO,NSDQ,1044.79199,32.07
NovoCure Limited,NVCR,7291.73,NO,NSDQ,452.68798,175.07
"NV5 Global, Inc.",NVEE,517.82,NO,NSDQ,700,9.07
Nova Measuring Instruments Ltd.,NVMI,1064.82,NO,NSDQ,209,31.63
"Northwest Bancshares, Inc.",NWBI,1104.63,NO,NSDQ,502.71701,14.03
Northwest Pipe Company,NWPX,224.17,NO,NSDQ,310,8.17
"NEXTGEN HEALTHCARE, INC",NXGN,691.83,NO,NSDQ,561.24401,13.52
"Nexstar Media Group, Inc",NXST,2720.42,NO,NSDQ,4521.14404,3.94
"New York Mortgage Trust, Inc.",NYMT,747.39,NO,NSDQ,209.3,2.58
"Origin Bancorp, Inc.",OBNK,461.05,NO,NSDQ,213.11,12.64
OceanFirst Financial Corp.,OCFC,912.62,NO,NSDQ,354.21798,9.08
Oaktree Strategic Income Corp.,OCSI,185.35,NO,NSDQ,48.09999,9.46
Oaktree Specialty Lending Corp.,OCSL,539.88,NO,NSDQ,129.96499,9.52
"Office Depot, Inc.",ODP,936.49,NO,NSDQ,10265.17968,4.32
"Orion Energy Systems, Inc.",OESX,120.76,NO,NSDQ,149.19999,9.5
ORTHOFIX MEDICAL INC.,OFIX,636.55,NO,NSDQ,470.5,32.54
OFS Capital Corporation,OFS,58.86,NO,NSDQ,53.83,3.37
Universal Display Corporation,OLED,6536.48,NO,NSDQ,455.66799,43.56
"Ollie's Bargain Outlet Holdings, Inc.",OLLI,3958.18,NO,NSDQ,1454.83996,33.59
Grupo Aeroportuario del Centro Norte S.A.B. de C.V.,OMAB,1299.34,NO,NSDQ,279.29,8.58
"Omnicell, Inc.",OMCL,2953.1,NO,NSDQ,1008.21002,22.78
Oasis Midstream Partners LP,OMP,163.65,NO,NSDQ,347.89999,1.44
ON Semiconductor Corporation,ON,6002.55,NO,NSDQ,5306.39599,15.87
Old National Bancorp,ONB,2244.45,NO,NSDQ,797.375,11.59
OneWater Marine Inc.,ONEW,115.52,NO,NSDQ,677.85302,36.09
Opus Bank,OPB,600.19,NO,NSDQ,248.36999,12.47
Office Properties Income Trust,OPI,1200.2,NO,NSDQ,620.005,4.73
"Opiant Pharmaceuticals, Inc.",OPNT,46.2,NO,NSDQ,29.67499,1634.97
Opera Limited Sponsored ADR,OPRA,551.92,NO,NSDQ,545.96002,10.48
Oportun Financial Corporation,OPRT,142.58,NO,NSDQ,729.78002,2.27
OptimizeRx Corp.,OPRX,139.19,NO,NSDQ,31.80299,178.31
Orrstown Financial Services Inc,ORRF,142.7,NO,NSDQ,96.09999,7.56
"Old Second Bancorp, Inc.",OSBC,200.83,NO,NSDQ,123.9,7.26
"OSI Systems, Inc.",OSIS,1337.36,NO,NSDQ,1225.23303,15.52
ONESPAN INC,OSPN,671.72,NO,NSDQ,259.39999,35.12
"One Stop Systems, Inc.",OSS,21.4,NO,NSDQ,64,10.83
Open Text Corporation,OTEX,10028.54,NO,NSDQ,3062.333,13.38
Otter Tail Corporation,OTTR,1741.89,NO,NSDQ,949.5,18.98
Bank OZK,OZK,2550.65,NO,NSDQ,924.44799,8.41
Pan American Silver Corp.,PAAS,4554.94,NO,NSDQ,1641.93994,23.26
PacWest Bancorp,PACW,1967.35,NO,NSDQ,1102.63305,7.7
Phibro Animal Health Corporation,PAHC,927.59,NO,NSDQ,799.32501,20.91
"Patrick Industries, Inc.",PATK,776.24,NO,NSDQ,1986.375,17.47
PCB BANCORP,PCB,127.26,NO,NSDQ,74.4,7.36
"Pacira BioSciences, Inc.",PCRX,1672.49,NO,NSDQ,438.26599,21.43
"PCTEL, Inc.",PCTI,114.2,NO,NSDQ,84.01,17.66
Paylocity Holding Corporation,PCTY,4740.64,NO,NSDQ,563.04498,49.37
"Patterson Companies, Inc.",PDCO,1465.83,NO,NSDQ,5542.29882,11.1
"PDF Solutions, Inc.",PDFS,529.27,NO,NSDQ,96.3,58.71
"PDL BioPharma, Inc.",PDLI,380.66,NO,NSDQ,115.25,30.8
Peoples Bancorp Inc.,PEBO,437.41,NO,NSDQ,200.667,12.78
Pegasystems Inc.,PEGA,6116.06,NO,NSDQ,1080.65002,535.67
Perion Network Ltd,PERI,123.86,NO,NSDQ,304.29998,9.08
"PetIQ, Inc.",PETQ,690.12,NO,NSDQ,801.86199,18.83
Preferred Bank,PFBC,523.59,NO,NSDQ,158.80999,8.61
"Profire Energy, Inc.",PFIE,33.86,NO,NSDQ,38.5,5.92
PennantPark Floating Rate Capital Ltd.,PFLT,250.84,NO,NSDQ,104.58,5.48
"Proofpoint, Inc.",PFPT,6908.88,NO,NSDQ,1042.333,85.49
"PFSweb, Inc.",PFSW,72.41,NO,NSDQ,301.55999,11.63
Peapack-Gladstone Financial Corporation,PGC,319.91,NO,NSDQ,186.16999,8.22
"Progyny, Inc.",PGNY,1758.86,NO,NSDQ,313.67999,230.33
"Premier, Inc.",PINC,4021.21,NO,NSDQ,1256.82202,11.67
Park-Ohio Holdings Corp.,PKOH,199.87,NO,NSDQ,1476.90002,8.56
"Photronics, Inc.",PLAB,736.51,NO,NSDQ,622.84997,16.88
"The Children's Place, Inc.",PLCE,359.82,NO,NSDQ,1751.90197,7.05
"Palomar Holdings, Inc.",PLMR,1363.98,NO,NSDQ,161.08,28.35
ePlus inc.,PLUS,865.51,NO,NSDQ,1470.80004,11.89
Plexus Corp.,PLXS,1732.24,NO,NSDQ,3191.38696,18.06
"Pinnacle Financial Partners, Inc.",PNFP,2701.16,NO,NSDQ,1086.72497,10.07
PennantPark Investment Corporation,PNNT,209.85,NO,NSDQ,113.18299,4.89
"The Pennant Group, Inc.",PNTG,488.21,NO,NSDQ,381,29.57
Insulet Corporation,PODD,12853.11,NO,NSDQ,855.51098,414.68
Pool Corporation,POOL,8594.66,NO,NSDQ,3048.04199,37.94
"Power Integrations, Inc.",POWI,2810.19,NO,NSDQ,447.77999,32.47
Pacific Premier Bancorp Inc,PPBI,1105.94,NO,NSDQ,592.50299,9.67
"PPD, Inc.",PPD,7846.54,NO,NSDQ,4182.75781,22.13
"PRA Group, Inc.",PRAA,1141.3,NO,NSDQ,1042.42102,11.66
"PRA Health Sciences, Inc.",PRAH,5580.81,NO,NSDQ,3051.63305,17.97
"Perceptron, Inc.",PRCP,25.39,NO,NSDQ,71.355,17.47
Career Education Corporation,PRDO,823.11,NO,NSDQ,657.5,8.22
"Perficient, Inc.",PRFT,1050.57,NO,NSDQ,600.40997,15.48
Progress Software Corporation,PRGS,1688.06,NO,NSDQ,432.79998,13.46
"PRGX Global, Inc.",PRGX,71.76,NO,NSDQ,166.07,15.49
Primoris Services Corporation,PRIM,660.13,NO,NSDQ,3481.80004,7.6
"Provident Financial Holdings, Inc.",PROV,95.56,NO,NSDQ,43.09999,10.47
"PURPLE INNOVATION, INC.",PRPL,564.75,NO,NSDQ,448.708,49.9
Prospect Capital Corporation,PSEC,1544.84,NO,NSDQ,568.45001,6.56
PTC Inc.,PTC,7507.11,NO,NSDQ,1438.45703,29.53
"P.A.M. Transportation Services, Inc.",PTSI,170.35,NO,NSDQ,496.6,9.85
People's Utah Bancorp,PUB,355.09,NO,NSDQ,119.507,9.9
Penn Virginia Corporation,PVAC,64.72,NO,NSDQ,426.66,0.74
"I.D. Systems, Inc.",PWFL,137.59,NO,NSDQ,138.08999,22.07
"Papa John's International, Inc.",PZZA,2324.09,NO,NSDQ,1642.97595,55.22
QAD Inc.,QADA,856.33,NO,NSDQ,306.35,137.22
"QCR Holdings, Inc.",QCRH,419.07,NO,NSDQ,219.033,8.33
Quidel Corporation,QDEL,5637.05,NO,NSDQ,553.992,43.99
QIWI PLC,QIWI,733,NO,NSDQ,340.82501,6.33
"Qualys, Inc.",QLYS,4262.12,NO,NSDQ,362.60598,42.91
Quantum Corporation,QMCO,159.44,NO,NSDQ,393.29998,11.43
"QuinStreet, Inc.",QNST,446.15,NO,NSDQ,490.88699,14.88
"Qurate Retail Group, Inc.",QRTEA,3088.65,NO,NSDQ,12071,3.86
RBB Bancorp,RBB,232.87,NO,NSDQ,124.86,7.58
Ribbon Communications Inc.,RBBN,327.24,NO,NSDQ,568,4.82
"Reliant Bancorp, Inc.",RBNC,124.33,NO,NSDQ,102.16999,7.76
"Rent-A-Center, Inc.",RCII,956.05,NO,NSDQ,2655.6499,7.38
"Rocky Brands, Inc.",RCKY,145.5,NO,NSDQ,277.20001,8.6
R1 RCM Inc.,RCM,1108.64,NO,NSDQ,1230.96704,45.52
"RCM Technologies, Inc.",RCMT,17.38,NO,NSDQ,198.99,3.31
Radware Ltd.,RDWR,1054.67,NO,NSDQ,264.20001,26.56
"Renewable Energy Group, Inc.",REGI,925.08,NO,NSDQ,2144.69995,4.79
"Recro Pharma, Inc.",REPH,190.22,NO,NSDQ,99.4,21.07
Reynolds Consumer Products Inc.,REYN,6548.96,NO,NSDQ,3118.95703,18.02
"RF Industries, Ltd.",RFIL,46.84,NO,NSDQ,65.08,11.71
RGC Resources Inc.,RGCO,204.84,NO,NSDQ,68,20.36
Repligen Corporation,RGEN,6064.14,NO,NSDQ,308.186,111.15
"Royal Gold, Inc.",RGLD,8224.82,NO,NSDQ,506.6,53.95
"Resources Connection, Inc.",RGP,323.69,NO,NSDQ,688.03002,10.12
"RCI Hospitality Holdings, Inc.",RICK,78.51,NO,NSDQ,161.89999,77.09
"Rambus, Inc.",RMBS,1374,NO,NSDQ,382.30999,13.33
"Rimini Street, Inc.",RMNI,268.62,NO,NSDQ,311.20001,15.8
The RMR Group Inc.,RMR,882.03,NO,NSDQ,617.92999,14.11
Renasant Corporation,RNST,1319.61,NO,NSDQ,574.32,10.73
"Construction Partners, Inc.",ROAD,887.01,NO,NSDQ,849.76898,20.43
"Gibraltar Industries, Inc.",ROCK,1422.18,NO,NSDQ,1204.44995,14.6
Retail Opportunity Investments Corp.,ROIC,929.7,NO,NSDQ,300.048,7.57
RBC Bearings Incorporated,ROLL,3094.19,NO,NSDQ,692.15698,26.94
KLR Energy Acquisition Corp.,ROSE,16.02,NO,NSDQ,220,0.93
"RealPage, Inc.",RP,5742.89,NO,NSDQ,1167.79003,31.26
"Thunder Bridge Acquisition, Ltd.",RPAY,640.43,NO,NSDQ,221.05999,29.83
"Rapid7, Inc.",RPD,2341.46,NO,NSDQ,390.61999,422.18
"Red River Bancshares, Inc.",RRBI,258.63,NO,NSDQ,83.51999,10.51
Rattler Midstream LP,RTLR,939.39,NO,NSDQ,446.013,5.33
Sunrun Inc.,RUN,1554.55,NO,NSDQ,815.23999,51.35
"Ruth's Hospitality Group, Inc.",RUTH,245.66,NO,NSDQ,389.16299,15.61
Riverview Bancorp Inc,RVSB,112.83,NO,NSDQ,55.2,9.54
Ryanair Holdings PLC,RYAAY,12780.04,NO,NSDQ,7778.60986,31.31
"Sanderson Farms, Inc.",SAFM,3038.16,NO,NSDQ,3449.79003,215.72
"Saia, Inc.",SAIA,2122.31,NO,NSDQ,1751.26293,20
"Salisbury Bancorp, Inc.",SAL,97.47,NO,NSDQ,44.79999,10.55
Silvercrest Asset Management Group Inc.,SAMG,129.24,NO,NSDQ,112.41,6.43
"Sandy Spring Bancorp, Inc.",SASR,776.82,NO,NSDQ,412.45001,7.92
"Cassava Sciences, Inc.",SAVA,176.07,NO,NSDQ,50,7.49
SB ONE BANCORP,SBBX,162.04,NO,NSDQ,76.75,8.09
Seacoast Banking Corporation of Florida,SBCF,982.46,NO,NSDQ,310.70001,10.82
"SB Financial Group, Inc.",SBFG,107.21,NO,NSDQ,55.09999,10.24
"Sinclair Broadcast Group, Inc.",SBGI,1399.19,NO,NSDQ,6791.13476,5.25
Star Bulk Carriers Corp.,SBLK,508.23,NO,NSDQ,734.47497,7.56
Signature Bank,SBNY,5037.21,NO,NSDQ,1405.59497,10.07
"Sabra Healthcare REIT, Inc.",SBRA,2389.39,NO,NSDQ,620.86199,7.06
"Southside Bancshares, Inc.",SBSI,940.95,NO,NSDQ,221.067,16.32
SciPlay Corporation,SCPL,1364.31,NO,NSDQ,500.32299,11.59
"ScanSource, Inc.",SCSC,568,NO,NSDQ,3182.94995,9.15
"Shoe Carnival, Inc.",SCVL,290.55,NO,NSDQ,988.79998,11.85
"SolarEdge Technologies, Inc.",SEDG,4996.11,NO,NSDQ,1738.25,20.12
SEI Investments Company,SEIC,7322.58,NO,NSDQ,1611.46496,16.97
"ServisFirst Bancshares, Inc.",SFBS,1705.96,NO,NSDQ,356.47,12.33
"Sprouts Farmers Market, Inc.",SFM,2549.53,NO,NSDQ,6288.92822,15.98
Simmons First National Corporation,SFNC,1952.96,NO,NSDQ,838.23297,9.4
"Southern First Bancshares, Inc.",SFST,199.88,NO,NSDQ,86.4,7.15
"Superior Uniform Group, Inc.",SGC,108.09,NO,NSDQ,392.19,7.42
"SMART Global Holdings, Inc.",SGH,543.92,NO,NSDQ,1122.47302,8.96
Scientific Games Corp,SGMS,977.2,NO,NSDQ,3209.7229,578.33
Shenandoah Telecommunications Co,SHEN,2606.06,NO,NSDQ,640.26202,43.52
"Steven Madden, Ltd.",SHOO,1810.59,NO,NSDQ,1579.90002,15.76
Sify Technologies Limited,SIFY,39.22,NO,NSDQ,362.5,19.8
"Selective Insurance Group, Inc.",SIGI,2885.09,NO,NSDQ,2887.00488,12.06
Silicon Motion Technology Corporation,SIMO,1585.78,NO,NSDQ,546.28802,14.01
Sina Corporation,SINA,2328.53,NO,NSDQ,2106.77001,15.45
Sirius XM Holdings Inc.,SIRI,24104.17,NO,NSDQ,7976.24902,24.11
SiTime Corporation,SITM,294.14,NO,NSDQ,100.93299,325.5
"SkyWest, Inc.",SKYW,1295.12,NO,NSDQ,2472.03295,9.75
"Silicon Laboratories, Inc.",SLAB,4002.46,NO,NSDQ,838.73699,34.4
"Select Bancorp, Inc.",SLCT,135.52,NO,NSDQ,61.54,11.43
Silgan Holdings Inc.,SLGN,3782.03,NO,NSDQ,4554.13818,14.24
SLM Corporation,SLM,2794.41,NO,NSDQ,1578.40002,4.33
"Simulations Plus, Inc.",SLP,745.01,NO,NSDQ,39.47,77.65
Solar Capital Ltd.,SLRC,586.15,NO,NSDQ,139.93499,8.63
"Southern Missouri Bancorp, Inc.",SMBC,214.43,NO,NSDQ,92.76,7.49
"SmartFinancial, Inc.",SMBK,203.84,NO,NSDQ,101.33999,11.34
Sharps Compliance Corp,SMED,120.58,NO,NSDQ,51.823,82.56
"Summit Financial Group, Inc.",SMMF,208.75,NO,NSDQ,105,7.48
The Simply Good Foods Company,SMPL,1684.39,NO,NSDQ,840.29699,19.73
"Smith Micro Software, Inc.",SMSI,205.71,NO,NSDQ,56.79999,13.71
Semtech Corporation,SMTC,2841.03,NO,NSDQ,549.466,29.18
SMTC Corporation,SMTX,74.15,NO,NSDQ,394,11.44
Sleep Number Corporation,SNBR,778.72,NO,NSDQ,1530.03405,18.76
Sotherly Hotels Inc.,SOHO,24.9,NO,NSDQ,191.14999,4.54
"Southern National Bancorp of Virginia, Inc.",SONA,218.65,NO,NSDQ,100.69999,6.38
"SORL Auto Parts, Inc.",SORL,85.13,NO,NSDQ,499.58499,5.07
SP Plus Corporation,SP,467.53,NO,NSDQ,899.09997,7.74
"South Plains Financial, Inc.",SPFI,211.26,NO,NSDQ,183.5,9.32
Splunk Inc.,SPLK,20403.29,NO,NSDQ,2549.52099,1571.05
Sapiens International Corporation N.V.,SPNS,1202.48,NO,NSDQ,364.85998,28.61
"SPS Commerce, Inc.",SPSC,1786.67,NO,NSDQ,306.11999,37.36
SpartanNash Company,SPTN,608.85,NO,NSDQ,8722.95996,12.02
"Sportsman's Warehouse Holdings, Inc.",SPWH,284.47,NO,NSDQ,1022.29998,10.37
1st Source Corporation,SRCE,836.6,NO,NSDQ,311.1,11.44
"Stericycle, Inc.",SRCL,4249.58,NO,NSDQ,3245.10009,17.22
"Sensus Healthcare, Inc.",SRTS,41.05,NO,NSDQ,30.13999,55.33
South State Corporation,SSB,1774.91,NO,NSDQ,976.13299,11.54
"SS&C Technologies Holdings, Inc.",SSNC,13112.78,NO,NSDQ,4720.48779,12.78
Silver Standard Resources Inc.,SSRM,2148.06,NO,NSDQ,848.94,12.72
ShotSpotter Inc.,SSTI,381.37,NO,NSDQ,46.91799,131.8
"Stratasys, Ltd.",SSYS,875.96,NO,NSDQ,572.82702,117.02
STAAR Surgical Company,STAA,1684.76,NO,NSDQ,177.3,83.27
"Extended Stay America, Inc.",STAY,1877.55,NO,NSDQ,1151.79101,31.28
"S&T Bancorp, Inc.",STBA,998.57,NO,NSDQ,328.47,11.29
State Auto Financial Corporation,STFC,1050.48,NO,NSDQ,1427.69995,17.2
"Steel Dynamics, Inc.",STLD,5006.46,NO,NSDQ,8806.35351,13.91
Stamps.com Inc.,STMP,2523.61,NO,NSDQ,587.79998,34.37
StoneCo Ltd.,STNE,6117.75,NO,NSDQ,599.14501,35.05
Strategic Education Inc.,STRA,3176.71,NO,NSDQ,1048,18.7
Sterling Construction Company Inc,STRL,245.37,NO,NSDQ,1382,6.69
Strattec Security Corporation,STRT,54.13,NO,NSDQ,411.76998,48.86
"Spirit of Texas Bancshares, Inc.",STXB,177.41,NO,NSDQ,112.3,9.02
Solar Senior Capital Ltd.,SUNS,196.55,NO,NSDQ,35.15,9.46
"Supernus Pharmaceuticals, Inc.",SUPN,995.52,NO,NSDQ,362.432,15.33
Hospitality Properties Trust,SVC,934.73,NO,NSDQ,2159.36694,1.63
"Stock Yards Bancorp, Inc.",SYBT,674.61,NO,NSDQ,175.14999,12.45
"Sykes Enterprises, Incorporated",SYKE,1137.24,NO,NSDQ,1707.92504,11.46
Synaptics Incorporated,SYNA,2152.81,NO,NSDQ,1340.09301,11.06
"Syneos Health, Inc.",SYNH,5254.92,NO,NSDQ,4470.99023,17.54
TravelCenters of America LLC,TA,71.62,NO,NSDQ,5471.43017,6.73
"Del Taco Restaurants, Inc.",TACO,171.69,NO,NSDQ,493.26699,28.35
"The Bancorp, Inc.",TBBK,342.11,NO,NSDQ,263.40499,5.3
"Triumph Bancorp, Inc.",TBK,563.39,NO,NSDQ,292.48498,22.87
"Texas Capital Bancshares, Inc.",TCBI,1313.35,NO,NSDQ,980.03302,13.26
TriCo Bancshares,TCBK,846.17,NO,NSDQ,300.91,12.32
TCF Financial Corporation,TCF,3598.94,NO,NSDQ,2110.25,9.77
"Tactile Systems Technology, Inc.",TCMD,1012.74,NO,NSDQ,213.84599,130.93
BLACKROCK TCP CAPITAL CORP.,TCPC,444.22,NO,NSDQ,166.76499,5.56
"THL Credit, Inc.",TCRD,94.98,NO,NSDQ,38.415,4.9
Tucows Inc.,TCX,550.54,NO,NSDQ,338.1,40.09
Atlassian Corporation PLC,TEAM,18571.16,NO,NSDQ,1580.49401,143.21
Tech Data Corporation,TECD,4943.95,NO,NSDQ,35981.375,11.96
Bio-Techne Corp,TECH,7741.35,NO,NSDQ,726.328,46.13
"Teradyne, Inc.",TER,10330.13,NO,NSDQ,2430.71801,20.4
TFS Financial Corporation,TFSL,3756.53,NO,NSDQ,277.01998,60.96
Tecnoglass Inc.,TGLS,154.73,NO,NSDQ,422.962,4.79
Platinum Eagle Acquisition Corp.,TH,162.65,NO,NSDQ,252.25999,17.19
First Financial Corporation Indiana,THFF,437.93,NO,NSDQ,184.89999,11.11
Cesca Therapeutics Inc.,THMO,53.36,NO,NSDQ,25.85,54.41
Gentherm Inc,THRM,1119.12,NO,NSDQ,868.38,20.43
"Interface, Inc.",TILE,474.55,NO,NSDQ,1174.25,8.31
Titan Machinery Inc.,TITN,198.78,NO,NSDQ,1108.5,890
TiVo Corporation,TIVO,860.63,NO,NSDQ,679.583,6.89
"Telenav, Inc.",TNAV,236.43,NO,NSDQ,259.63,18.18
Towne Bank,TOWN,1335.67,NO,NSDQ,537.88,12.89
"TPI Composites, Inc.",TPIC,559.27,NO,NSDQ,1503.10302,38.45
"LendingTree, Inc.",TREE,2813.24,NO,NSDQ,1012.91302,51.47
Tabula Rasa Healthcare Inc.,TRHC,1362.39,NO,NSDQ,343.742,73.34
"TripAdvisor, Inc.",TRIP,2509.41,NO,NSDQ,1266.76599,15.52
Trimble Inc.,TRMB,8148.66,NO,NSDQ,3103.26806,19.01
Trustmark Corporation,TRMK,1535.91,NO,NSDQ,608.625,14.49
"Transcat, Inc.",TRNS,197.5,NO,NSDQ,181.6,22.68
TriMas Corporation,TRS,1005.27,NO,NSDQ,750.43499,17.23
TrustCo Bank Corp NY,TRST,529.42,NO,NSDQ,169.39999,10.56
"TriState Capital Holdings, Inc.",TSC,374.72,NO,NSDQ,205.19299,9.16
Tower Semiconductor Ltd.,TSEM,1959.96,NO,NSDQ,1252.15795,17.23
Amaya Inc.,TSG,7267.35,NO,NSDQ,2610.46997,13.72
The Trade Desk Inc.,TTD,11695.4,NO,NSDQ,770.27001,86.41
"TeleTech Holdings, Inc.",TTEC,1676.97,NO,NSDQ,1737.31604,18.53
"Tetra Tech, Inc.",TTEK,4090.36,NO,NSDQ,2473.05004,22.26
"TechTarget, Inc.",TTGT,582.79,NO,NSDQ,146.447,19.16
"TTM Technologies, Inc.",TTMI,1140.1,NO,NSDQ,2478.47998,12.85
"Healthways, Inc.",TVTY,346.87,NO,NSDQ,1258.96203,5.74
Tradeweb Markets Inc.,TW,11893.57,NO,NSDQ,877.35198,41.57
HOSTESS BRANDS,TWNK,1538.77,NO,NSDQ,991.58801,16.36
"Texas Roadhouse, Inc.",TXRH,3183.61,NO,NSDQ,2388.84912,161.72
"United Bankshares, Inc.",UBSI,2637.75,NO,NSDQ,834.74102,12.35
"United Community Banks, Inc.",UCBI,1431.15,NO,NSDQ,591.25,11.24
"Ultra Clean Holdings, Inc.",UCTT,631.44,NO,NSDQ,1030,12.77
Universal Electronics Inc.,UEIC,541.96,NO,NSDQ,755.19,9.61
"Universal Forest Products, Inc.",UFPI,2326.46,NO,NSDQ,4497.45019,12.02
"UFP Technologies, Inc.",UFPT,325.65,NO,NSDQ,210.5,16.06
Amerco,UHAL,4952.31,NO,NSDQ,3944.30004,11.24
United Insurance Holdings Corp.,UIHC,368.32,NO,NSDQ,819.19,11.41
"Universal Logistics Holdings, Inc.",ULH,348.18,NO,NSDQ,1590,10.02
UMB Financial Corporation,UMBF,2211.06,NO,NSDQ,1086.36694,14.44
Umpqua Holdings Corporation,UMPQ,2354.28,NO,NSDQ,1132.19995,10.45
Uniti Group Inc.,UNIT,1224.33,NO,NSDQ,1056.06701,3.54
"Unity Bancorp, Inc.",UNTY,134.33,NO,NSDQ,71.3,6.93
"Upland Software, Inc.",UPLD,698.26,NO,NSDQ,272.57,12.29
"Urban Outfitters, Inc.",URBN,1538.03,NO,NSDQ,3840.87695,12.48
"U S Concrete, Inc.",USCR,265.85,NO,NSDQ,1342.53002,15.31
United Therapeutics Corporation,UTHR,4880.45,NO,NSDQ,1387.07299,11.05
Univest Corporation of Pennsylvania,UVSP,449.32,NO,NSDQ,228.16,11.93
"Veritex Holdings, Inc.",VBTX,718.08,NO,NSDQ,290,8.01
Visteon Corporation,VC,1428.97,NO,NSDQ,2771.53491,66.96
"Victory Capital Holdings, Inc.",VCTR,993.26,NO,NSDQ,789.04699,4.25
Veeco Instruments Inc.,VECO,491.18,NO,NSDQ,446,17.43
VEON Ltd.,VEON,2863.47,NO,NSDQ,8490.61035,6.52
"Village Farms International, Inc.",VFF,187.31,NO,NSDQ,169.67999,26.29
Vonage Holdings Corp.,VG,1989.51,NO,NSDQ,1195.703,55.61
Viavi Solutions Inc.,VIAV,2738.86,NO,NSDQ,1176.41003,16.75
Vicor Corporation,VICR,2023.2,NO,NSDQ,305,74.37
"Viomi Technology Co., Ltd. Sponsored ADR",VIOT,398.98,NO,NSDQ,880.77001,8
"Virtu Financial, Inc.",VIRT,4660.22,NO,NSDQ,1451.53503,10.21
Meridian Bioscience Inc.,VIVO,457.41,NO,NSDQ,197.13,36.83
Valley National Bancorp,VLY,2848.45,NO,NSDQ,1130.31005,9.24
Vanda Pharmaceuticals Inc.,VNDA,647.66,NO,NSDQ,248.46699,37.31
"Vera Bradley, Inc.",VRA,144.74,NO,NSDQ,517.5,5.42
VAREX IMAGING,VREX,915.15,NO,NSDQ,803.04302,18.35
Verint Systems Inc.,VRNT,2823.98,NO,NSDQ,1382.06701,12.01
VERRA MOBILITY CORP,VRRM,1186.51,NO,NSDQ,394.54,13.06
"Virtus Investment Partners, Inc.",VRTS,583.78,NO,NSDQ,468.33999,6.1
Virtusa Corporation,VRTU,910.76,NO,NSDQ,1314.14501,12.18
Viasat Inc.,VSAT,2565.93,NO,NSDQ,2455.76391,971.77
"Washington Federal, Inc.",WAFD,1940.16,NO,NSDQ,525.20001,11.26
"Washington Trust Bancorp, Inc.",WASH,568.64,NO,NSDQ,194.69999,11.81
Weibo Corporation,WB,8211.71,NO,NSDQ,1684.44299,15.75
WD-40 Company,WDFC,2372,NO,NSDQ,394,41.15
The Wendy's Company,WEN,4216.42,NO,NSDQ,1637.59094,49.19
"Werner Enterprises, Inc.",WERN,2769.7,NO,NSDQ,2403.55297,20.31
"WisdomTree Investments, Inc.",WETF,457.58,NO,NSDQ,234.348,20.17
"WhiteHorse Finance, Inc.",WHF,209.16,NO,NSDQ,64.067,7.19
Wingstop Inc.,WING,3357.8,NO,NSDQ,220.764,142.67
Wix.com Ltd.,WIX,6699.59,NO,NSDQ,944.36999,126.61
"Willdan Group, Inc.",WLDN,242.81,NO,NSDQ,441.57998,8.75
Wright Medical Group N.V.,WMGI,3730.71,NO,NSDQ,1022.02398,65.65
Western New England Bancorp,WNEB,141.51,NO,NSDQ,69.65,12.52
World Acceptance Corporation,WRLD,452.22,NO,NSDQ,638.60998,7.94
"WesBanco, Inc.",WSBC,1546.15,NO,NSDQ,580.02502,10.19
"Waterstone Financial, Inc.",WSBF,349.84,NO,NSDQ,199.89999,10.41
WillScot Corporation,WSC,1217.72,NO,NSDQ,1100.08703,20.44
WSFS Financial Corporation,WSFS,1182.48,NO,NSDQ,602.59002,8.31
West Bancorporation,WTBA,268.14,NO,NSDQ,77.61,9.09
Wintrust Financial Corporation,WTFC,2066,NO,NSDQ,1496.66699,11.09
"WW International, Inc.",WW,1388,NO,NSDQ,1515.83398,10.26
"Woodward, Inc.",WWD,3247.05,NO,NSDQ,2699.74194,11.83
XBiotech Inc.,XBIT,395.27,NO,NSDQ,28,72.11
XP Inc.,XP,12636.2,NO,NSDQ,1422.31994,44.61
"XPEL, Inc.",XPEL,301.53,NO,NSDQ,136.83,23.23
Tessera Holding Corporation,XPER,732.47,NO,NSDQ,409.1,4.83
Yintech Investment Holdings Limited,YIN,424.55,NO,NSDQ,274.01,12.13
Yunji Inc. Sponsored ADR,YJ,804.42,NO,NSDQ,1860.16003,20.16
Yandex N.V.,YNDX,11690.14,NO,NSDQ,3089.14697,32.53
The York Water Company,YORW,544.5,NO,NSDQ,53.04999,34.71
YY Inc.,YY,4796.83,NO,NSDQ,4158.42675,16.92
Zix Corporation,ZIXI,299.91,NO,NSDQ,209.88299,10.04
Zynga Inc.,ZNGA,7250.81,NO,NSDQ,1743.93395,33.13
"Zscaler, Inc.",ZS,8731.26,NO,NSDQ,414.785,465.52
Zumiez Inc.,ZUMZ,484.89,NO,NSDQ,949.19201,12.46
Zovio Inc,ZVO,50.05,NO,NSDQ,337.5,3.93
Zynex Inc.,ZYXI,496,NO,NSDQ,78.55,39.72
